Queue Size, Name, Data Type, Num Producers, Num Consumers, Num Values, Time (ms)
2048, 2-20, int32_t, 1, 1, 1000000, 7
2048, 2-40, int32_t, 1, 1, 1000000, 6
2048, 2-100, int32_t, 1, 1, 1000000, 11
2048, 2-200, int32_t, 1, 1, 1000000, 10
2048, 3-20, int32_t, 1, 1, 1000000, 6
2048, 3-40, int32_t, 1, 1, 1000000, 6
2048, 3-100, int32_t, 1, 1, 1000000, 10
2048, 3-200, int32_t, 1, 1, 1000000, 10
2048, 2-20, int32_t, 1, 2, 1000000, 13
2048, 2-40, int32_t, 1, 2, 1000000, 8
2048, 2-100, int32_t, 1, 2, 1000000, 12
2048, 2-200, int32_t, 1, 2, 1000000, 12
2048, 3-20, int32_t, 1, 2, 1000000, 12
2048, 3-40, int32_t, 1, 2, 1000000, 9
2048, 3-100, int32_t, 1, 2, 1000000, 11
2048, 3-200, int32_t, 1, 2, 1000000, 12
2048, 2-20, int32_t, 1, 4, 1000000, 27
2048, 2-40, int32_t, 1, 4, 1000000, 15
2048, 2-100, int32_t, 1, 4, 1000000, 15
2048, 2-200, int32_t, 1, 4, 1000000, 12
2048, 3-20, int32_t, 1, 4, 1000000, 26
2048, 3-40, int32_t, 1, 4, 1000000, 15
2048, 3-100, int32_t, 1, 4, 1000000, 15
2048, 3-200, int32_t, 1, 4, 1000000, 12
2048, 2-20, int32_t, 1, 6, 1000000, 40
2048, 2-40, int32_t, 1, 6, 1000000, 20
2048, 2-100, int32_t, 1, 6, 1000000, 15
2048, 2-200, int32_t, 1, 6, 1000000, 8
2048, 3-20, int32_t, 1, 6, 1000000, 38
2048, 3-40, int32_t, 1, 6, 1000000, 19
2048, 3-100, int32_t, 1, 6, 1000000, 15
2048, 3-200, int32_t, 1, 6, 1000000, 8
2048, 2-20, int32_t, 2, 1, 1000000, 10
2048, 2-40, int32_t, 2, 1, 1000000, 7
2048, 2-100, int32_t, 2, 1, 1000000, 7
2048, 2-200, int32_t, 2, 1, 1000000, 6
2048, 3-20, int32_t, 2, 1, 1000000, 10
2048, 3-40, int32_t, 2, 1, 1000000, 6
2048, 3-100, int32_t, 2, 1, 1000000, 8
2048, 3-200, int32_t, 2, 1, 1000000, 8
2048, 2-20, int32_t, 2, 2, 1000000, 10
2048, 2-40, int32_t, 2, 2, 1000000, 6
2048, 2-100, int32_t, 2, 2, 1000000, 10
2048, 2-200, int32_t, 2, 2, 1000000, 8
2048, 3-20, int32_t, 2, 2, 1000000, 8
2048, 3-40, int32_t, 2, 2, 1000000, 7
2048, 3-100, int32_t, 2, 2, 1000000, 9
2048, 3-200, int32_t, 2, 2, 1000000, 10
2048, 2-20, int32_t, 2, 4, 1000000, 26
2048, 2-40, int32_t, 2, 4, 1000000, 14
2048, 2-100, int32_t, 2, 4, 1000000, 14
2048, 2-200, int32_t, 2, 4, 1000000, 11
2048, 3-20, int32_t, 2, 4, 1000000, 24
2048, 3-40, int32_t, 2, 4, 1000000, 13
2048, 3-100, int32_t, 2, 4, 1000000, 13
2048, 3-200, int32_t, 2, 4, 1000000, 10
2048, 2-20, int32_t, 2, 6, 1000000, 41
2048, 2-40, int32_t, 2, 6, 1000000, 19
2048, 2-100, int32_t, 2, 6, 1000000, 15
2048, 2-200, int32_t, 2, 6, 1000000, 7
2048, 3-20, int32_t, 2, 6, 1000000, 40
2048, 3-40, int32_t, 2, 6, 1000000, 19
2048, 3-100, int32_t, 2, 6, 1000000, 14
2048, 3-200, int32_t, 2, 6, 1000000, 7
2048, 2-20, int32_t, 4, 1, 1000000, 18
2048, 2-40, int32_t, 4, 1, 1000000, 10
2048, 2-100, int32_t, 4, 1, 1000000, 8
2048, 2-200, int32_t, 4, 1, 1000000, 6
2048, 3-20, int32_t, 4, 1, 1000000, 18
2048, 3-40, int32_t, 4, 1, 1000000, 10
2048, 3-100, int32_t, 4, 1, 1000000, 8
2048, 3-200, int32_t, 4, 1, 1000000, 6
2048, 2-20, int32_t, 4, 2, 1000000, 20
2048, 2-40, int32_t, 4, 2, 1000000, 11
2048, 2-100, int32_t, 4, 2, 1000000, 8
2048, 2-200, int32_t, 4, 2, 1000000, 7
2048, 3-20, int32_t, 4, 2, 1000000, 20
2048, 3-40, int32_t, 4, 2, 1000000, 11
2048, 3-100, int32_t, 4, 2, 1000000, 8
2048, 3-200, int32_t, 4, 2, 1000000, 6
2048, 2-20, int32_t, 4, 4, 1000000, 16
2048, 2-40, int32_t, 4, 4, 1000000, 9
2048, 2-100, int32_t, 4, 4, 1000000, 9
2048, 2-200, int32_t, 4, 4, 1000000, 6
2048, 3-20, int32_t, 4, 4, 1000000, 16
2048, 3-40, int32_t, 4, 4, 1000000, 9
2048, 3-100, int32_t, 4, 4, 1000000, 8
2048, 3-200, int32_t, 4, 4, 1000000, 7
2048, 2-20, int32_t, 4, 6, 1000000, 41
2048, 2-40, int32_t, 4, 6, 1000000, 19
2048, 2-100, int32_t, 4, 6, 1000000, 12
2048, 2-200, int32_t, 4, 6, 1000000, 7
2048, 3-20, int32_t, 4, 6, 1000000, 40
2048, 3-40, int32_t, 4, 6, 1000000, 18
2048, 3-100, int32_t, 4, 6, 1000000, 12
2048, 3-200, int32_t, 4, 6, 1000000, 7
2048, 2-20, int32_t, 6, 1, 1000000, 26
2048, 2-40, int32_t, 6, 1, 1000000, 12
2048, 2-100, int32_t, 6, 1, 1000000, 8
2048, 2-200, int32_t, 6, 1, 1000000, 7
2048, 3-20, int32_t, 6, 1, 1000000, 27
2048, 3-40, int32_t, 6, 1, 1000000, 13
2048, 3-100, int32_t, 6, 1, 1000000, 8
2048, 3-200, int32_t, 6, 1, 1000000, 7
2048, 2-20, int32_t, 6, 2, 1000000, 30
2048, 2-40, int32_t, 6, 2, 1000000, 14
2048, 2-100, int32_t, 6, 2, 1000000, 10
2048, 2-200, int32_t, 6, 2, 1000000, 6
2048, 3-20, int32_t, 6, 2, 1000000, 30
2048, 3-40, int32_t, 6, 2, 1000000, 13
2048, 3-100, int32_t, 6, 2, 1000000, 10
2048, 3-200, int32_t, 6, 2, 1000000, 7
2048, 2-20, int32_t, 6, 4, 1000000, 37
2048, 2-40, int32_t, 6, 4, 1000000, 17
2048, 2-100, int32_t, 6, 4, 1000000, 11
2048, 2-200, int32_t, 6, 4, 1000000, 7
2048, 3-20, int32_t, 6, 4, 1000000, 35
2048, 3-40, int32_t, 6, 4, 1000000, 17
2048, 3-100, int32_t, 6, 4, 1000000, 10
2048, 3-200, int32_t, 6, 4, 1000000, 7
2048, 2-20, int32_t, 6, 6, 1000000, 49
2048, 2-40, int32_t, 6, 6, 1000000, 14
2048, 2-100, int32_t, 6, 6, 1000000, 10
2048, 2-200, int32_t, 6, 6, 1000000, 9
2048, 3-20, int32_t, 6, 6, 1000000, 27
2048, 3-40, int32_t, 6, 6, 1000000, 14
2048, 3-100, int32_t, 6, 6, 1000000, 10
2048, 3-200, int32_t, 6, 6, 1000000, 7
2048, 2-20, int32_t, 1, 1, 1000000, 6
2048, 2-40, int32_t, 1, 1, 1000000, 5
2048, 2-100, int32_t, 1, 1, 1000000, 13
2048, 2-200, int32_t, 1, 1, 1000000, 10
2048, 3-20, int32_t, 1, 1, 1000000, 6
2048, 3-40, int32_t, 1, 1, 1000000, 6
2048, 3-100, int32_t, 1, 1, 1000000, 11
2048, 3-200, int32_t, 1, 1, 1000000, 12
2048, 2-20, int32_t, 1, 2, 1000000, 13
2048, 2-40, int32_t, 1, 2, 1000000, 8
2048, 2-100, int32_t, 1, 2, 1000000, 12
2048, 2-200, int32_t, 1, 2, 1000000, 11
2048, 3-20, int32_t, 1, 2, 1000000, 12
2048, 3-40, int32_t, 1, 2, 1000000, 8
2048, 3-100, int32_t, 1, 2, 1000000, 11
2048, 3-200, int32_t, 1, 2, 1000000, 10
2048, 2-20, int32_t, 1, 4, 1000000, 28
2048, 2-40, int32_t, 1, 4, 1000000, 15
2048, 2-100, int32_t, 1, 4, 1000000, 15
2048, 2-200, int32_t, 1, 4, 1000000, 12
2048, 3-20, int32_t, 1, 4, 1000000, 24
2048, 3-40, int32_t, 1, 4, 1000000, 13
2048, 3-100, int32_t, 1, 4, 1000000, 11
2048, 3-200, int32_t, 1, 4, 1000000, 8
2048, 2-20, int32_t, 1, 6, 1000000, 41
2048, 2-40, int32_t, 1, 6, 1000000, 18
2048, 2-100, int32_t, 1, 6, 1000000, 10
2048, 2-200, int32_t, 1, 6, 1000000, 7
2048, 3-20, int32_t, 1, 6, 1000000, 35
2048, 3-40, int32_t, 1, 6, 1000000, 17
2048, 3-100, int32_t, 1, 6, 1000000, 17
2048, 3-200, int32_t, 1, 6, 1000000, 7
2048, 2-20, int32_t, 2, 1, 1000000, 7
2048, 2-40, int32_t, 2, 1, 1000000, 6
2048, 2-100, int32_t, 2, 1, 1000000, 14
2048, 2-200, int32_t, 2, 1, 1000000, 8
2048, 3-20, int32_t, 2, 1, 1000000, 11
2048, 3-40, int32_t, 2, 1, 1000000, 7
2048, 3-100, int32_t, 2, 1, 1000000, 12
2048, 3-200, int32_t, 2, 1, 1000000, 6
2048, 2-20, int32_t, 2, 2, 1000000, 7
2048, 2-40, int32_t, 2, 2, 1000000, 9
2048, 2-100, int32_t, 2, 2, 1000000, 15
2048, 2-200, int32_t, 2, 2, 1000000, 15
2048, 3-20, int32_t, 2, 2, 1000000, 11
2048, 3-40, int32_t, 2, 2, 1000000, 6
2048, 3-100, int32_t, 2, 2, 1000000, 14
2048, 3-200, int32_t, 2, 2, 1000000, 14
2048, 2-20, int32_t, 2, 4, 1000000, 21
2048, 2-40, int32_t, 2, 4, 1000000, 10
2048, 2-100, int32_t, 2, 4, 1000000, 8
2048, 2-200, int32_t, 2, 4, 1000000, 7
2048, 3-20, int32_t, 2, 4, 1000000, 20
2048, 3-40, int32_t, 2, 4, 1000000, 12
2048, 3-100, int32_t, 2, 4, 1000000, 8
2048, 3-200, int32_t, 2, 4, 1000000, 6
2048, 2-20, int32_t, 2, 6, 1000000, 37
2048, 2-40, int32_t, 2, 6, 1000000, 18
2048, 2-100, int32_t, 2, 6, 1000000, 8
2048, 2-200, int32_t, 2, 6, 1000000, 10
2048, 3-20, int32_t, 2, 6, 1000000, 37
2048, 3-40, int32_t, 2, 6, 1000000, 17
2048, 3-100, int32_t, 2, 6, 1000000, 13
2048, 3-200, int32_t, 2, 6, 1000000, 7
2048, 2-20, int32_t, 4, 1, 1000000, 16
2048, 2-40, int32_t, 4, 1, 1000000, 11
2048, 2-100, int32_t, 4, 1, 1000000, 7
2048, 2-200, int32_t, 4, 1, 1000000, 7
2048, 3-20, int32_t, 4, 1, 1000000, 16
2048, 3-40, int32_t, 4, 1, 1000000, 11
2048, 3-100, int32_t, 4, 1, 1000000, 7
2048, 3-200, int32_t, 4, 1, 1000000, 7
2048, 2-20, int32_t, 4, 2, 1000000, 15
2048, 2-40, int32_t, 4, 2, 1000000, 11
2048, 2-100, int32_t, 4, 2, 1000000, 9
2048, 2-200, int32_t, 4, 2, 1000000, 7
2048, 3-20, int32_t, 4, 2, 1000000, 17
2048, 3-40, int32_t, 4, 2, 1000000, 11
2048, 3-100, int32_t, 4, 2, 1000000, 7
2048, 3-200, int32_t, 4, 2, 1000000, 7
2048, 2-20, int32_t, 4, 4, 1000000, 13
2048, 2-40, int32_t, 4, 4, 1000000, 8
2048, 2-100, int32_t, 4, 4, 1000000, 7
2048, 2-200, int32_t, 4, 4, 1000000, 7
2048, 3-20, int32_t, 4, 4, 1000000, 14
2048, 3-40, int32_t, 4, 4, 1000000, 8
2048, 3-100, int32_t, 4, 4, 1000000, 7
2048, 3-200, int32_t, 4, 4, 1000000, 7
2048, 2-20, int32_t, 4, 6, 1000000, 36
2048, 2-40, int32_t, 4, 6, 1000000, 14
2048, 2-100, int32_t, 4, 6, 1000000, 7
2048, 2-200, int32_t, 4, 6, 1000000, 7
2048, 3-20, int32_t, 4, 6, 1000000, 36
2048, 3-40, int32_t, 4, 6, 1000000, 13
2048, 3-100, int32_t, 4, 6, 1000000, 7
2048, 3-200, int32_t, 4, 6, 1000000, 7
2048, 2-20, int32_t, 6, 1, 1000000, 20
2048, 2-40, int32_t, 6, 1, 1000000, 12
2048, 2-100, int32_t, 6, 1, 1000000, 7
2048, 2-200, int32_t, 6, 1, 1000000, 7
2048, 3-20, int32_t, 6, 1, 1000000, 21
2048, 3-40, int32_t, 6, 1, 1000000, 11
2048, 3-100, int32_t, 6, 1, 1000000, 7
2048, 3-200, int32_t, 6, 1, 1000000, 6
2048, 2-20, int32_t, 6, 2, 1000000, 23
2048, 2-40, int32_t, 6, 2, 1000000, 11
2048, 2-100, int32_t, 6, 2, 1000000, 8
2048, 2-200, int32_t, 6, 2, 1000000, 6
2048, 3-20, int32_t, 6, 2, 1000000, 22
2048, 3-40, int32_t, 6, 2, 1000000, 11
2048, 3-100, int32_t, 6, 2, 1000000, 7
2048, 3-200, int32_t, 6, 2, 1000000, 7
2048, 2-20, int32_t, 6, 4, 1000000, 26
2048, 2-40, int32_t, 6, 4, 1000000, 13
2048, 2-100, int32_t, 6, 4, 1000000, 7
2048, 2-200, int32_t, 6, 4, 1000000, 7
2048, 3-20, int32_t, 6, 4, 1000000, 27
2048, 3-40, int32_t, 6, 4, 1000000, 14
2048, 3-100, int32_t, 6, 4, 1000000, 7
2048, 3-200, int32_t, 6, 4, 1000000, 5
2048, 2-20, int32_t, 6, 6, 1000000, 42
2048, 2-40, int32_t, 6, 6, 1000000, 12
2048, 2-100, int32_t, 6, 6, 1000000, 8
2048, 2-200, int32_t, 6, 6, 1000000, 6
2048, 3-20, int32_t, 6, 6, 1000000, 24
2048, 3-40, int32_t, 6, 6, 1000000, 11
2048, 3-100, int32_t, 6, 6, 1000000, 7
2048, 3-200, int32_t, 6, 6, 1000000, 6
2048, 2-20, int32_t, 1, 1, 1000000, 5
2048, 2-40, int32_t, 1, 1, 1000000, 8
2048, 2-100, int32_t, 1, 1, 1000000, 7
2048, 2-200, int32_t, 1, 1, 1000000, 8
2048, 3-20, int32_t, 1, 1, 1000000, 6
2048, 3-40, int32_t, 1, 1, 1000000, 8
2048, 3-100, int32_t, 1, 1, 1000000, 17
2048, 3-200, int32_t, 1, 1, 1000000, 13
2048, 2-20, int32_t, 1, 2, 1000000, 8
2048, 2-40, int32_t, 1, 2, 1000000, 12
2048, 2-100, int32_t, 1, 2, 1000000, 21
2048, 2-200, int32_t, 1, 2, 1000000, 9
2048, 3-20, int32_t, 1, 2, 1000000, 13
2048, 3-40, int32_t, 1, 2, 1000000, 6
2048, 3-100, int32_t, 1, 2, 1000000, 7
2048, 3-200, int32_t, 1, 2, 1000000, 6
2048, 2-20, int32_t, 1, 4, 1000000, 22
2048, 2-40, int32_t, 1, 4, 1000000, 16
2048, 2-100, int32_t, 1, 4, 1000000, 9
2048, 2-200, int32_t, 1, 4, 1000000, 13
2048, 3-20, int32_t, 1, 4, 1000000, 19
2048, 3-40, int32_t, 1, 4, 1000000, 12
2048, 3-100, int32_t, 1, 4, 1000000, 9
2048, 3-200, int32_t, 1, 4, 1000000, 6
2048, 2-20, int32_t, 1, 6, 1000000, 34
2048, 2-40, int32_t, 1, 6, 1000000, 15
2048, 2-100, int32_t, 1, 6, 1000000, 14
2048, 2-200, int32_t, 1, 6, 1000000, 6
2048, 3-20, int32_t, 1, 6, 1000000, 32
2048, 3-40, int32_t, 1, 6, 1000000, 16
2048, 3-100, int32_t, 1, 6, 1000000, 13
2048, 3-200, int32_t, 1, 6, 1000000, 7
2048, 2-20, int32_t, 2, 1, 1000000, 8
2048, 2-40, int32_t, 2, 1, 1000000, 7
2048, 2-100, int32_t, 2, 1, 1000000, 11
2048, 2-200, int32_t, 2, 1, 1000000, 19
2048, 3-20, int32_t, 2, 1, 1000000, 8
2048, 3-40, int32_t, 2, 1, 1000000, 6
2048, 3-100, int32_t, 2, 1, 1000000, 13
2048, 3-200, int32_t, 2, 1, 1000000, 5
2048, 2-20, int32_t, 2, 2, 1000000, 8
2048, 2-40, int32_t, 2, 2, 1000000, 9
2048, 2-100, int32_t, 2, 2, 1000000, 6
2048, 2-200, int32_t, 2, 2, 1000000, 12
2048, 3-20, int32_t, 2, 2, 1000000, 7
2048, 3-40, int32_t, 2, 2, 1000000, 6
2048, 3-100, int32_t, 2, 2, 1000000, 10
2048, 3-200, int32_t, 2, 2, 1000000, 10
2048, 2-20, int32_t, 2, 4, 1000000, 21
2048, 2-40, int32_t, 2, 4, 1000000, 12
2048, 2-100, int32_t, 2, 4, 1000000, 14
2048, 2-200, int32_t, 2, 4, 1000000, 11
2048, 3-20, int32_t, 2, 4, 1000000, 20
2048, 3-40, int32_t, 2, 4, 1000000, 10
2048, 3-100, int32_t, 2, 4, 1000000, 8
2048, 3-200, int32_t, 2, 4, 1000000, 7
2048, 2-20, int32_t, 2, 6, 1000000, 35
2048, 2-40, int32_t, 2, 6, 1000000, 16
2048, 2-100, int32_t, 2, 6, 1000000, 14
2048, 2-200, int32_t, 2, 6, 1000000, 7
2048, 3-20, int32_t, 2, 6, 1000000, 34
2048, 3-40, int32_t, 2, 6, 1000000, 16
2048, 3-100, int32_t, 2, 6, 1000000, 13
2048, 3-200, int32_t, 2, 6, 1000000, 7
2048, 2-20, int32_t, 4, 1, 1000000, 15
2048, 2-40, int32_t, 4, 1, 1000000, 8
2048, 2-100, int32_t, 4, 1, 1000000, 6
2048, 2-200, int32_t, 4, 1, 1000000, 5
2048, 3-20, int32_t, 4, 1, 1000000, 15
2048, 3-40, int32_t, 4, 1, 1000000, 9
2048, 3-100, int32_t, 4, 1, 1000000, 6
2048, 3-200, int32_t, 4, 1, 1000000, 6
2048, 2-20, int32_t, 4, 2, 1000000, 15
2048, 2-40, int32_t, 4, 2, 1000000, 9
2048, 2-100, int32_t, 4, 2, 1000000, 6
2048, 2-200, int32_t, 4, 2, 1000000, 6
2048, 3-20, int32_t, 4, 2, 1000000, 15
2048, 3-40, int32_t, 4, 2, 1000000, 9
2048, 3-100, int32_t, 4, 2, 1000000, 7
2048, 3-200, int32_t, 4, 2, 1000000, 6
2048, 2-20, int32_t, 4, 4, 1000000, 13
2048, 2-40, int32_t, 4, 4, 1000000, 8
2048, 2-100, int32_t, 4, 4, 1000000, 7
2048, 2-200, int32_t, 4, 4, 1000000, 6
2048, 3-20, int32_t, 4, 4, 1000000, 12
2048, 3-40, int32_t, 4, 4, 1000000, 7
2048, 3-100, int32_t, 4, 4, 1000000, 7
2048, 3-200, int32_t, 4, 4, 1000000, 7
2048, 2-20, int32_t, 4, 6, 1000000, 34
2048, 2-40, int32_t, 4, 6, 1000000, 14
2048, 2-100, int32_t, 4, 6, 1000000, 7
2048, 2-200, int32_t, 4, 6, 1000000, 6
2048, 3-20, int32_t, 4, 6, 1000000, 35
2048, 3-40, int32_t, 4, 6, 1000000, 15
2048, 3-100, int32_t, 4, 6, 1000000, 7
2048, 3-200, int32_t, 4, 6, 1000000, 6
2048, 2-20, int32_t, 6, 1, 1000000, 20
2048, 2-40, int32_t, 6, 1, 1000000, 11
2048, 2-100, int32_t, 6, 1, 1000000, 8
2048, 2-200, int32_t, 6, 1, 1000000, 6
2048, 3-20, int32_t, 6, 1, 1000000, 21
2048, 3-40, int32_t, 6, 1, 1000000, 11
2048, 3-100, int32_t, 6, 1, 1000000, 7
2048, 3-200, int32_t, 6, 1, 1000000, 6
2048, 2-20, int32_t, 6, 2, 1000000, 24
2048, 2-40, int32_t, 6, 2, 1000000, 11
2048, 2-100, int32_t, 6, 2, 1000000, 7
2048, 2-200, int32_t, 6, 2, 1000000, 6
2048, 3-20, int32_t, 6, 2, 1000000, 25
2048, 3-40, int32_t, 6, 2, 1000000, 12
2048, 3-100, int32_t, 6, 2, 1000000, 7
2048, 3-200, int32_t, 6, 2, 1000000, 9
2048, 2-20, int32_t, 6, 4, 1000000, 27
2048, 2-40, int32_t, 6, 4, 1000000, 11
2048, 2-100, int32_t, 6, 4, 1000000, 7
2048, 2-200, int32_t, 6, 4, 1000000, 7
2048, 3-20, int32_t, 6, 4, 1000000, 29
2048, 3-40, int32_t, 6, 4, 1000000, 9
2048, 3-100, int32_t, 6, 4, 1000000, 7
2048, 3-200, int32_t, 6, 4, 1000000, 6
2048, 2-20, int32_t, 6, 6, 1000000, 26
2048, 2-40, int32_t, 6, 6, 1000000, 10
2048, 2-100, int32_t, 6, 6, 1000000, 7
2048, 2-200, int32_t, 6, 6, 1000000, 6
2048, 3-20, int32_t, 6, 6, 1000000, 25
2048, 3-40, int32_t, 6, 6, 1000000, 11
2048, 3-100, int32_t, 6, 6, 1000000, 8
2048, 3-200, int32_t, 6, 6, 1000000, 6
2048, 2-20, int32_t, 1, 1, 1000000, 7
2048, 2-40, int32_t, 1, 1, 1000000, 10
2048, 2-100, int32_t, 1, 1, 1000000, 9
2048, 2-200, int32_t, 1, 1, 1000000, 7
2048, 3-20, int32_t, 1, 1, 1000000, 7
2048, 3-40, int32_t, 1, 1, 1000000, 9
2048, 3-100, int32_t, 1, 1, 1000000, 16
2048, 3-200, int32_t, 1, 1, 1000000, 19
2048, 2-20, int32_t, 1, 2, 1000000, 8
2048, 2-40, int32_t, 1, 2, 1000000, 7
2048, 2-100, int32_t, 1, 2, 1000000, 7
2048, 2-200, int32_t, 1, 2, 1000000, 14
2048, 3-20, int32_t, 1, 2, 1000000, 11
2048, 3-40, int32_t, 1, 2, 1000000, 7
2048, 3-100, int32_t, 1, 2, 1000000, 12
2048, 3-200, int32_t, 1, 2, 1000000, 12
2048, 2-20, int32_t, 1, 4, 1000000, 22
2048, 2-40, int32_t, 1, 4, 1000000, 10
2048, 2-100, int32_t, 1, 4, 1000000, 10
2048, 2-200, int32_t, 1, 4, 1000000, 7
2048, 3-20, int32_t, 1, 4, 1000000, 21
2048, 3-40, int32_t, 1, 4, 1000000, 10
2048, 3-100, int32_t, 1, 4, 1000000, 9
2048, 3-200, int32_t, 1, 4, 1000000, 6
2048, 2-20, int32_t, 1, 6, 1000000, 34
2048, 2-40, int32_t, 1, 6, 1000000, 17
2048, 2-100, int32_t, 1, 6, 1000000, 15
2048, 2-200, int32_t, 1, 6, 1000000, 9
2048, 3-20, int32_t, 1, 6, 1000000, 35
2048, 3-40, int32_t, 1, 6, 1000000, 16
2048, 3-100, int32_t, 1, 6, 1000000, 8
2048, 3-200, int32_t, 1, 6, 1000000, 8
2048, 2-20, int32_t, 2, 1, 1000000, 9
2048, 2-40, int32_t, 2, 1, 1000000, 6
2048, 2-100, int32_t, 2, 1, 1000000, 8
2048, 2-200, int32_t, 2, 1, 1000000, 11
2048, 3-20, int32_t, 2, 1, 1000000, 8
2048, 3-40, int32_t, 2, 1, 1000000, 7
2048, 3-100, int32_t, 2, 1, 1000000, 9
2048, 3-200, int32_t, 2, 1, 1000000, 14
2048, 2-20, int32_t, 2, 2, 1000000, 9
2048, 2-40, int32_t, 2, 2, 1000000, 11
2048, 2-100, int32_t, 2, 2, 1000000, 7
2048, 2-200, int32_t, 2, 2, 1000000, 13
2048, 3-20, int32_t, 2, 2, 1000000, 8
2048, 3-40, int32_t, 2, 2, 1000000, 6
2048, 3-100, int32_t, 2, 2, 1000000, 10
2048, 3-200, int32_t, 2, 2, 1000000, 11
2048, 2-20, int32_t, 2, 4, 1000000, 20
2048, 2-40, int32_t, 2, 4, 1000000, 9
2048, 2-100, int32_t, 2, 4, 1000000, 7
2048, 2-200, int32_t, 2, 4, 1000000, 6
2048, 3-20, int32_t, 2, 4, 1000000, 19
2048, 3-40, int32_t, 2, 4, 1000000, 9
2048, 3-100, int32_t, 2, 4, 1000000, 6
2048, 3-200, int32_t, 2, 4, 1000000, 6
2048, 2-20, int32_t, 2, 6, 1000000, 36
2048, 2-40, int32_t, 2, 6, 1000000, 17
2048, 2-100, int32_t, 2, 6, 1000000, 16
2048, 2-200, int32_t, 2, 6, 1000000, 8
2048, 3-20, int32_t, 2, 6, 1000000, 34
2048, 3-40, int32_t, 2, 6, 1000000, 16
2048, 3-100, int32_t, 2, 6, 1000000, 13
2048, 3-200, int32_t, 2, 6, 1000000, 7
2048, 2-20, int32_t, 4, 1, 1000000, 15
2048, 2-40, int32_t, 4, 1, 1000000, 8
2048, 2-100, int32_t, 4, 1, 1000000, 6
2048, 2-200, int32_t, 4, 1, 1000000, 6
2048, 3-20, int32_t, 4, 1, 1000000, 14
2048, 3-40, int32_t, 4, 1, 1000000, 8
2048, 3-100, int32_t, 4, 1, 1000000, 7
2048, 3-200, int32_t, 4, 1, 1000000, 6
2048, 2-20, int32_t, 4, 2, 1000000, 17
2048, 2-40, int32_t, 4, 2, 1000000, 7
2048, 2-100, int32_t, 4, 2, 1000000, 7
2048, 2-200, int32_t, 4, 2, 1000000, 9
2048, 3-20, int32_t, 4, 2, 1000000, 15
2048, 3-40, int32_t, 4, 2, 1000000, 8
2048, 3-100, int32_t, 4, 2, 1000000, 6
2048, 3-200, int32_t, 4, 2, 1000000, 7
2048, 2-20, int32_t, 4, 4, 1000000, 12
2048, 2-40, int32_t, 4, 4, 1000000, 8
2048, 2-100, int32_t, 4, 4, 1000000, 6
2048, 2-200, int32_t, 4, 4, 1000000, 6
2048, 3-20, int32_t, 4, 4, 1000000, 12
2048, 3-40, int32_t, 4, 4, 1000000, 7
2048, 3-100, int32_t, 4, 4, 1000000, 6
2048, 3-200, int32_t, 4, 4, 1000000, 7
2048, 2-20, int32_t, 4, 6, 1000000, 34
2048, 2-40, int32_t, 4, 6, 1000000, 15
2048, 2-100, int32_t, 4, 6, 1000000, 7
2048, 2-200, int32_t, 4, 6, 1000000, 7
2048, 3-20, int32_t, 4, 6, 1000000, 32
2048, 3-40, int32_t, 4, 6, 1000000, 14
2048, 3-100, int32_t, 4, 6, 1000000, 7
2048, 3-200, int32_t, 4, 6, 1000000, 6
2048, 2-20, int32_t, 6, 1, 1000000, 22
2048, 2-40, int32_t, 6, 1, 1000000, 11
2048, 2-100, int32_t, 6, 1, 1000000, 8
2048, 2-200, int32_t, 6, 1, 1000000, 9
2048, 3-20, int32_t, 6, 1, 1000000, 26
2048, 3-40, int32_t, 6, 1, 1000000, 11
2048, 3-100, int32_t, 6, 1, 1000000, 7
2048, 3-200, int32_t, 6, 1, 1000000, 6
2048, 2-20, int32_t, 6, 2, 1000000, 27
2048, 2-40, int32_t, 6, 2, 1000000, 11
2048, 2-100, int32_t, 6, 2, 1000000, 9
2048, 2-200, int32_t, 6, 2, 1000000, 6
2048, 3-20, int32_t, 6, 2, 1000000, 27
2048, 3-40, int32_t, 6, 2, 1000000, 11
2048, 3-100, int32_t, 6, 2, 1000000, 8
2048, 3-200, int32_t, 6, 2, 1000000, 6
2048, 2-20, int32_t, 6, 4, 1000000, 28
2048, 2-40, int32_t, 6, 4, 1000000, 12
2048, 2-100, int32_t, 6, 4, 1000000, 8
2048, 2-200, int32_t, 6, 4, 1000000, 6
2048, 3-20, int32_t, 6, 4, 1000000, 30
2048, 3-40, int32_t, 6, 4, 1000000, 11
2048, 3-100, int32_t, 6, 4, 1000000, 7
2048, 3-200, int32_t, 6, 4, 1000000, 6
2048, 2-20, int32_t, 6, 6, 1000000, 24
2048, 2-40, int32_t, 6, 6, 1000000, 10
2048, 2-100, int32_t, 6, 6, 1000000, 7
2048, 2-200, int32_t, 6, 6, 1000000, 6
2048, 3-20, int32_t, 6, 6, 1000000, 24
2048, 3-40, int32_t, 6, 6, 1000000, 10
2048, 3-100, int32_t, 6, 6, 1000000, 7
2048, 3-200, int32_t, 6, 6, 1000000, 6
2048, 2-20, int32_t, 1, 1, 1000000, 6
2048, 2-40, int32_t, 1, 1, 1000000, 6
2048, 2-100, int32_t, 1, 1, 1000000, 13
2048, 2-200, int32_t, 1, 1, 1000000, 12
2048, 3-20, int32_t, 1, 1, 1000000, 7
2048, 3-40, int32_t, 1, 1, 1000000, 9
2048, 3-100, int32_t, 1, 1, 1000000, 19
2048, 3-200, int32_t, 1, 1, 1000000, 18
2048, 2-20, int32_t, 1, 2, 1000000, 9
2048, 2-40, int32_t, 1, 2, 1000000, 10
2048, 2-100, int32_t, 1, 2, 1000000, 14
2048, 2-200, int32_t, 1, 2, 1000000, 10
2048, 3-20, int32_t, 1, 2, 1000000, 11
2048, 3-40, int32_t, 1, 2, 1000000, 7
2048, 3-100, int32_t, 1, 2, 1000000, 9
2048, 3-200, int32_t, 1, 2, 1000000, 12
2048, 2-20, int32_t, 1, 4, 1000000, 23
2048, 2-40, int32_t, 1, 4, 1000000, 10
2048, 2-100, int32_t, 1, 4, 1000000, 9
2048, 2-200, int32_t, 1, 4, 1000000, 6
2048, 3-20, int32_t, 1, 4, 1000000, 22
2048, 3-40, int32_t, 1, 4, 1000000, 10
2048, 3-100, int32_t, 1, 4, 1000000, 9
2048, 3-200, int32_t, 1, 4, 1000000, 6
2048, 2-20, int32_t, 1, 6, 1000000, 34
2048, 2-40, int32_t, 1, 6, 1000000, 17
2048, 2-100, int32_t, 1, 6, 1000000, 8
2048, 2-200, int32_t, 1, 6, 1000000, 10
2048, 3-20, int32_t, 1, 6, 1000000, 35
2048, 3-40, int32_t, 1, 6, 1000000, 15
2048, 3-100, int32_t, 1, 6, 1000000, 8
2048, 3-200, int32_t, 1, 6, 1000000, 6
2048, 2-20, int32_t, 2, 1, 1000000, 8
2048, 2-40, int32_t, 2, 1, 1000000, 9
2048, 2-100, int32_t, 2, 1, 1000000, 7
2048, 2-200, int32_t, 2, 1, 1000000, 6
2048, 3-20, int32_t, 2, 1, 1000000, 11
2048, 3-40, int32_t, 2, 1, 1000000, 6
2048, 3-100, int32_t, 2, 1, 1000000, 7
2048, 3-200, int32_t, 2, 1, 1000000, 11
2048, 2-20, int32_t, 2, 2, 1000000, 9
2048, 2-40, int32_t, 2, 2, 1000000, 7
2048, 2-100, int32_t, 2, 2, 1000000, 7
2048, 2-200, int32_t, 2, 2, 1000000, 6
2048, 3-20, int32_t, 2, 2, 1000000, 9
2048, 3-40, int32_t, 2, 2, 1000000, 6
2048, 3-100, int32_t, 2, 2, 1000000, 17
2048, 3-200, int32_t, 2, 2, 1000000, 8
2048, 2-20, int32_t, 2, 4, 1000000, 20
2048, 2-40, int32_t, 2, 4, 1000000, 9
2048, 2-100, int32_t, 2, 4, 1000000, 8
2048, 2-200, int32_t, 2, 4, 1000000, 6
2048, 3-20, int32_t, 2, 4, 1000000, 20
2048, 3-40, int32_t, 2, 4, 1000000, 9
2048, 3-100, int32_t, 2, 4, 1000000, 7
2048, 3-200, int32_t, 2, 4, 1000000, 6
2048, 2-20, int32_t, 2, 6, 1000000, 36
2048, 2-40, int32_t, 2, 6, 1000000, 16
2048, 2-100, int32_t, 2, 6, 1000000, 17
2048, 2-200, int32_t, 2, 6, 1000000, 8
2048, 3-20, int32_t, 2, 6, 1000000, 35
2048, 3-40, int32_t, 2, 6, 1000000, 16
2048, 3-100, int32_t, 2, 6, 1000000, 11
2048, 3-200, int32_t, 2, 6, 1000000, 7
2048, 2-20, int32_t, 4, 1, 1000000, 15
2048, 2-40, int32_t, 4, 1, 1000000, 9
2048, 2-100, int32_t, 4, 1, 1000000, 7
2048, 2-200, int32_t, 4, 1, 1000000, 6
2048, 3-20, int32_t, 4, 1, 1000000, 16
2048, 3-40, int32_t, 4, 1, 1000000, 10
2048, 3-100, int32_t, 4, 1, 1000000, 7
2048, 3-200, int32_t, 4, 1, 1000000, 9
2048, 2-20, int32_t, 4, 2, 1000000, 15
2048, 2-40, int32_t, 4, 2, 1000000, 12
2048, 2-100, int32_t, 4, 2, 1000000, 8
2048, 2-200, int32_t, 4, 2, 1000000, 7
2048, 3-20, int32_t, 4, 2, 1000000, 12
2048, 3-40, int32_t, 4, 2, 1000000, 7
2048, 3-100, int32_t, 4, 2, 1000000, 6
2048, 3-200, int32_t, 4, 2, 1000000, 7
2048, 2-20, int32_t, 4, 4, 1000000, 14
2048, 2-40, int32_t, 4, 4, 1000000, 7
2048, 2-100, int32_t, 4, 4, 1000000, 7
2048, 2-200, int32_t, 4, 4, 1000000, 6
2048, 3-20, int32_t, 4, 4, 1000000, 14
2048, 3-40, int32_t, 4, 4, 1000000, 7
2048, 3-100, int32_t, 4, 4, 1000000, 7
2048, 3-200, int32_t, 4, 4, 1000000, 6
2048, 2-20, int32_t, 4, 6, 1000000, 35
2048, 2-40, int32_t, 4, 6, 1000000, 16
2048, 2-100, int32_t, 4, 6, 1000000, 7
2048, 2-200, int32_t, 4, 6, 1000000, 6
2048, 3-20, int32_t, 4, 6, 1000000, 34
2048, 3-40, int32_t, 4, 6, 1000000, 14
2048, 3-100, int32_t, 4, 6, 1000000, 7
2048, 3-200, int32_t, 4, 6, 1000000, 9
2048, 2-20, int32_t, 6, 1, 1000000, 23
2048, 2-40, int32_t, 6, 1, 1000000, 12
2048, 2-100, int32_t, 6, 1, 1000000, 7
2048, 2-200, int32_t, 6, 1, 1000000, 11
2048, 3-20, int32_t, 6, 1, 1000000, 22
2048, 3-40, int32_t, 6, 1, 1000000, 11
2048, 3-100, int32_t, 6, 1, 1000000, 7
2048, 3-200, int32_t, 6, 1, 1000000, 6
2048, 2-20, int32_t, 6, 2, 1000000, 25
2048, 2-40, int32_t, 6, 2, 1000000, 11
2048, 2-100, int32_t, 6, 2, 1000000, 8
2048, 2-200, int32_t, 6, 2, 1000000, 6
2048, 3-20, int32_t, 6, 2, 1000000, 27
2048, 3-40, int32_t, 6, 2, 1000000, 11
2048, 3-100, int32_t, 6, 2, 1000000, 8
2048, 3-200, int32_t, 6, 2, 1000000, 7
2048, 2-20, int32_t, 6, 4, 1000000, 30
2048, 2-40, int32_t, 6, 4, 1000000, 14
2048, 2-100, int32_t, 6, 4, 1000000, 9
2048, 2-200, int32_t, 6, 4, 1000000, 6
2048, 3-20, int32_t, 6, 4, 1000000, 31
2048, 3-40, int32_t, 6, 4, 1000000, 13
2048, 3-100, int32_t, 6, 4, 1000000, 9
2048, 3-200, int32_t, 6, 4, 1000000, 6
2048, 2-20, int32_t, 6, 6, 1000000, 24
2048, 2-40, int32_t, 6, 6, 1000000, 13
2048, 2-100, int32_t, 6, 6, 1000000, 9
2048, 2-200, int32_t, 6, 6, 1000000, 8
2048, 3-20, int32_t, 6, 6, 1000000, 24
2048, 3-40, int32_t, 6, 6, 1000000, 13
2048, 3-100, int32_t, 6, 6, 1000000, 9
2048, 3-200, int32_t, 6, 6, 1000000, 7
2048, 2-20, int32_t, 1, 1, 1000000, 5
2048, 2-40, int32_t, 1, 1, 1000000, 5
2048, 2-100, int32_t, 1, 1, 1000000, 10
2048, 2-200, int32_t, 1, 1, 1000000, 6
2048, 3-20, int32_t, 1, 1, 1000000, 5
2048, 3-40, int32_t, 1, 1, 1000000, 9
2048, 3-100, int32_t, 1, 1, 1000000, 11
2048, 3-200, int32_t, 1, 1, 1000000, 16
2048, 2-20, int32_t, 1, 2, 1000000, 8
2048, 2-40, int32_t, 1, 2, 1000000, 8
2048, 2-100, int32_t, 1, 2, 1000000, 20
2048, 2-200, int32_t, 1, 2, 1000000, 17
2048, 3-20, int32_t, 1, 2, 1000000, 12
2048, 3-40, int32_t, 1, 2, 1000000, 7
2048, 3-100, int32_t, 1, 2, 1000000, 10
2048, 3-200, int32_t, 1, 2, 1000000, 8
2048, 2-20, int32_t, 1, 4, 1000000, 23
2048, 2-40, int32_t, 1, 4, 1000000, 10
2048, 2-100, int32_t, 1, 4, 1000000, 9
2048, 2-200, int32_t, 1, 4, 1000000, 6
2048, 3-20, int32_t, 1, 4, 1000000, 21
2048, 3-40, int32_t, 1, 4, 1000000, 10
2048, 3-100, int32_t, 1, 4, 1000000, 7
2048, 3-200, int32_t, 1, 4, 1000000, 6
2048, 2-20, int32_t, 1, 6, 1000000, 33
2048, 2-40, int32_t, 1, 6, 1000000, 16
2048, 2-100, int32_t, 1, 6, 1000000, 13
2048, 2-200, int32_t, 1, 6, 1000000, 8
2048, 3-20, int32_t, 1, 6, 1000000, 32
2048, 3-40, int32_t, 1, 6, 1000000, 16
2048, 3-100, int32_t, 1, 6, 1000000, 12
2048, 3-200, int32_t, 1, 6, 1000000, 7
2048, 2-20, int32_t, 2, 1, 1000000, 8
2048, 2-40, int32_t, 2, 1, 1000000, 8
2048, 2-100, int32_t, 2, 1, 1000000, 12
2048, 2-200, int32_t, 2, 1, 1000000, 10
2048, 3-20, int32_t, 2, 1, 1000000, 8
2048, 3-40, int32_t, 2, 1, 1000000, 9
2048, 3-100, int32_t, 2, 1, 1000000, 8
2048, 3-200, int32_t, 2, 1, 1000000, 13
2048, 2-20, int32_t, 2, 2, 1000000, 8
2048, 2-40, int32_t, 2, 2, 1000000, 9
2048, 2-100, int32_t, 2, 2, 1000000, 7
2048, 2-200, int32_t, 2, 2, 1000000, 6
2048, 3-20, int32_t, 2, 2, 1000000, 10
2048, 3-40, int32_t, 2, 2, 1000000, 7
2048, 3-100, int32_t, 2, 2, 1000000, 13
2048, 3-200, int32_t, 2, 2, 1000000, 10
2048, 2-20, int32_t, 2, 4, 1000000, 20
2048, 2-40, int32_t, 2, 4, 1000000, 9
2048, 2-100, int32_t, 2, 4, 1000000, 7
2048, 2-200, int32_t, 2, 4, 1000000, 6
2048, 3-20, int32_t, 2, 4, 1000000, 19
2048, 3-40, int32_t, 2, 4, 1000000, 9
2048, 3-100, int32_t, 2, 4, 1000000, 6
2048, 3-200, int32_t, 2, 4, 1000000, 6
2048, 2-20, int32_t, 2, 6, 1000000, 35
2048, 2-40, int32_t, 2, 6, 1000000, 17
2048, 2-100, int32_t, 2, 6, 1000000, 14
2048, 2-200, int32_t, 2, 6, 1000000, 7
2048, 3-20, int32_t, 2, 6, 1000000, 34
2048, 3-40, int32_t, 2, 6, 1000000, 16
2048, 3-100, int32_t, 2, 6, 1000000, 14
2048, 3-200, int32_t, 2, 6, 1000000, 6
2048, 2-20, int32_t, 4, 1, 1000000, 15
2048, 2-40, int32_t, 4, 1, 1000000, 8
2048, 2-100, int32_t, 4, 1, 1000000, 7
2048, 2-200, int32_t, 4, 1, 1000000, 6
2048, 3-20, int32_t, 4, 1, 1000000, 14
2048, 3-40, int32_t, 4, 1, 1000000, 9
2048, 3-100, int32_t, 4, 1, 1000000, 7
2048, 3-200, int32_t, 4, 1, 1000000, 7
2048, 2-20, int32_t, 4, 2, 1000000, 15
2048, 2-40, int32_t, 4, 2, 1000000, 7
2048, 2-100, int32_t, 4, 2, 1000000, 6
2048, 2-200, int32_t, 4, 2, 1000000, 6
2048, 3-20, int32_t, 4, 2, 1000000, 15
2048, 3-40, int32_t, 4, 2, 1000000, 7
2048, 3-100, int32_t, 4, 2, 1000000, 7
2048, 3-200, int32_t, 4, 2, 1000000, 8
2048, 2-20, int32_t, 4, 4, 1000000, 12
2048, 2-40, int32_t, 4, 4, 1000000, 8
2048, 2-100, int32_t, 4, 4, 1000000, 6
2048, 2-200, int32_t, 4, 4, 1000000, 5
2048, 3-20, int32_t, 4, 4, 1000000, 13
2048, 3-40, int32_t, 4, 4, 1000000, 7
2048, 3-100, int32_t, 4, 4, 1000000, 7
2048, 3-200, int32_t, 4, 4, 1000000, 6
2048, 2-20, int32_t, 4, 6, 1000000, 34
2048, 2-40, int32_t, 4, 6, 1000000, 15
2048, 2-100, int32_t, 4, 6, 1000000, 8
2048, 2-200, int32_t, 4, 6, 1000000, 6
2048, 3-20, int32_t, 4, 6, 1000000, 33
2048, 3-40, int32_t, 4, 6, 1000000, 14
2048, 3-100, int32_t, 4, 6, 1000000, 12
2048, 3-200, int32_t, 4, 6, 1000000, 7
2048, 2-20, int32_t, 6, 1, 1000000, 21
2048, 2-40, int32_t, 6, 1, 1000000, 11
2048, 2-100, int32_t, 6, 1, 1000000, 7
2048, 2-200, int32_t, 6, 1, 1000000, 6
2048, 3-20, int32_t, 6, 1, 1000000, 22
2048, 3-40, int32_t, 6, 1, 1000000, 11
2048, 3-100, int32_t, 6, 1, 1000000, 8
2048, 3-200, int32_t, 6, 1, 1000000, 6
2048, 2-20, int32_t, 6, 2, 1000000, 25
2048, 2-40, int32_t, 6, 2, 1000000, 12
2048, 2-100, int32_t, 6, 2, 1000000, 8
2048, 2-200, int32_t, 6, 2, 1000000, 6
2048, 3-20, int32_t, 6, 2, 1000000, 25
2048, 3-40, int32_t, 6, 2, 1000000, 11
2048, 3-100, int32_t, 6, 2, 1000000, 8
2048, 3-200, int32_t, 6, 2, 1000000, 7
2048, 2-20, int32_t, 6, 4, 1000000, 27
2048, 2-40, int32_t, 6, 4, 1000000, 15
2048, 2-100, int32_t, 6, 4, 1000000, 9
2048, 2-200, int32_t, 6, 4, 1000000, 6
2048, 3-20, int32_t, 6, 4, 1000000, 31
2048, 3-40, int32_t, 6, 4, 1000000, 15
2048, 3-100, int32_t, 6, 4, 1000000, 10
2048, 3-200, int32_t, 6, 4, 1000000, 10
2048, 2-20, int32_t, 6, 6, 1000000, 24
2048, 2-40, int32_t, 6, 6, 1000000, 29
2048, 2-100, int32_t, 6, 6, 1000000, 8
2048, 2-200, int32_t, 6, 6, 1000000, 6
2048, 3-20, int32_t, 6, 6, 1000000, 24
2048, 3-40, int32_t, 6, 6, 1000000, 13
2048, 3-100, int32_t, 6, 6, 1000000, 9
2048, 3-200, int32_t, 6, 6, 1000000, 6
2048, 2-20, int32_t, 1, 1, 1000000, 6
2048, 2-40, int32_t, 1, 1, 1000000, 6
2048, 2-100, int32_t, 1, 1, 1000000, 7
2048, 2-200, int32_t, 1, 1, 1000000, 11
2048, 3-20, int32_t, 1, 1, 1000000, 8
2048, 3-40, int32_t, 1, 1, 1000000, 5
2048, 3-100, int32_t, 1, 1, 1000000, 11
2048, 3-200, int32_t, 1, 1, 1000000, 11
2048, 2-20, int32_t, 1, 2, 1000000, 12
2048, 2-40, int32_t, 1, 2, 1000000, 7
2048, 2-100, int32_t, 1, 2, 1000000, 7
2048, 2-200, int32_t, 1, 2, 1000000, 6
2048, 3-20, int32_t, 1, 2, 1000000, 12
2048, 3-40, int32_t, 1, 2, 1000000, 10
2048, 3-100, int32_t, 1, 2, 1000000, 15
2048, 3-200, int32_t, 1, 2, 1000000, 19
2048, 2-20, int32_t, 1, 4, 1000000, 23
2048, 2-40, int32_t, 1, 4, 1000000, 10
2048, 2-100, int32_t, 1, 4, 1000000, 8
2048, 2-200, int32_t, 1, 4, 1000000, 6
2048, 3-20, int32_t, 1, 4, 1000000, 21
2048, 3-40, int32_t, 1, 4, 1000000, 11
2048, 3-100, int32_t, 1, 4, 1000000, 8
2048, 3-200, int32_t, 1, 4, 1000000, 6
2048, 2-20, int32_t, 1, 6, 1000000, 36
2048, 2-40, int32_t, 1, 6, 1000000, 17
2048, 2-100, int32_t, 1, 6, 1000000, 8
2048, 2-200, int32_t, 1, 6, 1000000, 9
2048, 3-20, int32_t, 1, 6, 1000000, 32
2048, 3-40, int32_t, 1, 6, 1000000, 16
2048, 3-100, int32_t, 1, 6, 1000000, 13
2048, 3-200, int32_t, 1, 6, 1000000, 8
2048, 2-20, int32_t, 2, 1, 1000000, 9
2048, 2-40, int32_t, 2, 1, 1000000, 6
2048, 2-100, int32_t, 2, 1, 1000000, 7
2048, 2-200, int32_t, 2, 1, 1000000, 13
2048, 3-20, int32_t, 2, 1, 1000000, 11
2048, 3-40, int32_t, 2, 1, 1000000, 6
2048, 3-100, int32_t, 2, 1, 1000000, 11
2048, 3-200, int32_t, 2, 1, 1000000, 8
2048, 2-20, int32_t, 2, 2, 1000000, 7
2048, 2-40, int32_t, 2, 2, 1000000, 8
2048, 2-100, int32_t, 2, 2, 1000000, 13
2048, 2-200, int32_t, 2, 2, 1000000, 15
2048, 3-20, int32_t, 2, 2, 1000000, 11
2048, 3-40, int32_t, 2, 2, 1000000, 8
2048, 3-100, int32_t, 2, 2, 1000000, 12
2048, 3-200, int32_t, 2, 2, 1000000, 6
2048, 2-20, int32_t, 2, 4, 1000000, 20
2048, 2-40, int32_t, 2, 4, 1000000, 10
2048, 2-100, int32_t, 2, 4, 1000000, 9
2048, 2-200, int32_t, 2, 4, 1000000, 7
2048, 3-20, int32_t, 2, 4, 1000000, 20
2048, 3-40, int32_t, 2, 4, 1000000, 10
2048, 3-100, int32_t, 2, 4, 1000000, 9
2048, 3-200, int32_t, 2, 4, 1000000, 7
2048, 2-20, int32_t, 2, 6, 1000000, 36
2048, 2-40, int32_t, 2, 6, 1000000, 17
2048, 2-100, int32_t, 2, 6, 1000000, 13
2048, 2-200, int32_t, 2, 6, 1000000, 7
2048, 3-20, int32_t, 2, 6, 1000000, 34
2048, 3-40, int32_t, 2, 6, 1000000, 16
2048, 3-100, int32_t, 2, 6, 1000000, 13
2048, 3-200, int32_t, 2, 6, 1000000, 7
2048, 2-20, int32_t, 4, 1, 1000000, 15
2048, 2-40, int32_t, 4, 1, 1000000, 9
2048, 2-100, int32_t, 4, 1, 1000000, 6
2048, 2-200, int32_t, 4, 1, 1000000, 6
2048, 3-20, int32_t, 4, 1, 1000000, 14
2048, 3-40, int32_t, 4, 1, 1000000, 8
2048, 3-100, int32_t, 4, 1, 1000000, 6
2048, 3-200, int32_t, 4, 1, 1000000, 6
2048, 2-20, int32_t, 4, 2, 1000000, 15
2048, 2-40, int32_t, 4, 2, 1000000, 8
2048, 2-100, int32_t, 4, 2, 1000000, 6
2048, 2-200, int32_t, 4, 2, 1000000, 6
2048, 3-20, int32_t, 4, 2, 1000000, 15
2048, 3-40, int32_t, 4, 2, 1000000, 7
2048, 3-100, int32_t, 4, 2, 1000000, 6
2048, 3-200, int32_t, 4, 2, 1000000, 7
2048, 2-20, int32_t, 4, 4, 1000000, 13
2048, 2-40, int32_t, 4, 4, 1000000, 8
2048, 2-100, int32_t, 4, 4, 1000000, 7
2048, 2-200, int32_t, 4, 4, 1000000, 6
2048, 3-20, int32_t, 4, 4, 1000000, 13
2048, 3-40, int32_t, 4, 4, 1000000, 8
2048, 3-100, int32_t, 4, 4, 1000000, 6
2048, 3-200, int32_t, 4, 4, 1000000, 6
2048, 2-20, int32_t, 4, 6, 1000000, 36
2048, 2-40, int32_t, 4, 6, 1000000, 16
2048, 2-100, int32_t, 4, 6, 1000000, 11
2048, 2-200, int32_t, 4, 6, 1000000, 6
2048, 3-20, int32_t, 4, 6, 1000000, 35
2048, 3-40, int32_t, 4, 6, 1000000, 16
2048, 3-100, int32_t, 4, 6, 1000000, 11
2048, 3-200, int32_t, 4, 6, 1000000, 6
2048, 2-20, int32_t, 6, 1, 1000000, 23
2048, 2-40, int32_t, 6, 1, 1000000, 11
2048, 2-100, int32_t, 6, 1, 1000000, 7
2048, 2-200, int32_t, 6, 1, 1000000, 6
2048, 3-20, int32_t, 6, 1, 1000000, 22
2048, 3-40, int32_t, 6, 1, 1000000, 11
2048, 3-100, int32_t, 6, 1, 1000000, 7
2048, 3-200, int32_t, 6, 1, 1000000, 6
2048, 2-20, int32_t, 6, 2, 1000000, 24
2048, 2-40, int32_t, 6, 2, 1000000, 11
2048, 2-100, int32_t, 6, 2, 1000000, 8
2048, 2-200, int32_t, 6, 2, 1000000, 6
2048, 3-20, int32_t, 6, 2, 1000000, 24
2048, 3-40, int32_t, 6, 2, 1000000, 11
2048, 3-100, int32_t, 6, 2, 1000000, 8
2048, 3-200, int32_t, 6, 2, 1000000, 6
2048, 2-20, int32_t, 6, 4, 1000000, 32
2048, 2-40, int32_t, 6, 4, 1000000, 13
2048, 2-100, int32_t, 6, 4, 1000000, 8
2048, 2-200, int32_t, 6, 4, 1000000, 6
2048, 3-20, int32_t, 6, 4, 1000000, 27
2048, 3-40, int32_t, 6, 4, 1000000, 11
2048, 3-100, int32_t, 6, 4, 1000000, 7
2048, 3-200, int32_t, 6, 4, 1000000, 6
2048, 2-20, int32_t, 6, 6, 1000000, 25
2048, 2-40, int32_t, 6, 6, 1000000, 10
2048, 2-100, int32_t, 6, 6, 1000000, 8
2048, 2-200, int32_t, 6, 6, 1000000, 6
2048, 3-20, int32_t, 6, 6, 1000000, 24
2048, 3-40, int32_t, 6, 6, 1000000, 11
2048, 3-100, int32_t, 6, 6, 1000000, 7
2048, 3-200, int32_t, 6, 6, 1000000, 6
2048, 2-20, int32_t, 1, 1, 1000000, 6
2048, 2-40, int32_t, 1, 1, 1000000, 7
2048, 2-100, int32_t, 1, 1, 1000000, 12
2048, 2-200, int32_t, 1, 1, 1000000, 8
2048, 3-20, int32_t, 1, 1, 1000000, 7
2048, 3-40, int32_t, 1, 1, 1000000, 8
2048, 3-100, int32_t, 1, 1, 1000000, 8
2048, 3-200, int32_t, 1, 1, 1000000, 10
2048, 2-20, int32_t, 1, 2, 1000000, 8
2048, 2-40, int32_t, 1, 2, 1000000, 7
2048, 2-100, int32_t, 1, 2, 1000000, 12
2048, 2-200, int32_t, 1, 2, 1000000, 9
2048, 3-20, int32_t, 1, 2, 1000000, 11
2048, 3-40, int32_t, 1, 2, 1000000, 7
2048, 3-100, int32_t, 1, 2, 1000000, 7
2048, 3-200, int32_t, 1, 2, 1000000, 10
2048, 2-20, int32_t, 1, 4, 1000000, 22
2048, 2-40, int32_t, 1, 4, 1000000, 10
2048, 2-100, int32_t, 1, 4, 1000000, 9
2048, 2-200, int32_t, 1, 4, 1000000, 6
2048, 3-20, int32_t, 1, 4, 1000000, 22
2048, 3-40, int32_t, 1, 4, 1000000, 10
2048, 3-100, int32_t, 1, 4, 1000000, 8
2048, 3-200, int32_t, 1, 4, 1000000, 6
2048, 2-20, int32_t, 1, 6, 1000000, 36
2048, 2-40, int32_t, 1, 6, 1000000, 17
2048, 2-100, int32_t, 1, 6, 1000000, 15
2048, 2-200, int32_t, 1, 6, 1000000, 8
2048, 3-20, int32_t, 1, 6, 1000000, 32
2048, 3-40, int32_t, 1, 6, 1000000, 15
2048, 3-100, int32_t, 1, 6, 1000000, 13
2048, 3-200, int32_t, 1, 6, 1000000, 8
2048, 2-20, int32_t, 2, 1, 1000000, 8
2048, 2-40, int32_t, 2, 1, 1000000, 7
2048, 2-100, int32_t, 2, 1, 1000000, 6
2048, 2-200, int32_t, 2, 1, 1000000, 17
2048, 3-20, int32_t, 2, 1, 1000000, 11
2048, 3-40, int32_t, 2, 1, 1000000, 6
2048, 3-100, int32_t, 2, 1, 1000000, 7
2048, 3-200, int32_t, 2, 1, 1000000, 11
2048, 2-20, int32_t, 2, 2, 1000000, 8
2048, 2-40, int32_t, 2, 2, 1000000, 8
2048, 2-100, int32_t, 2, 2, 1000000, 9
2048, 2-200, int32_t, 2, 2, 1000000, 8
2048, 3-20, int32_t, 2, 2, 1000000, 7
2048, 3-40, int32_t, 2, 2, 1000000, 6
2048, 3-100, int32_t, 2, 2, 1000000, 17
2048, 3-200, int32_t, 2, 2, 1000000, 7
2048, 2-20, int32_t, 2, 4, 1000000, 20
2048, 2-40, int32_t, 2, 4, 1000000, 11
2048, 2-100, int32_t, 2, 4, 1000000, 10
2048, 2-200, int32_t, 2, 4, 1000000, 9
2048, 3-20, int32_t, 2, 4, 1000000, 20
2048, 3-40, int32_t, 2, 4, 1000000, 10
2048, 3-100, int32_t, 2, 4, 1000000, 10
2048, 3-200, int32_t, 2, 4, 1000000, 9
2048, 2-20, int32_t, 2, 6, 1000000, 36
2048, 2-40, int32_t, 2, 6, 1000000, 16
2048, 2-100, int32_t, 2, 6, 1000000, 15
2048, 2-200, int32_t, 2, 6, 1000000, 7
2048, 3-20, int32_t, 2, 6, 1000000, 35
2048, 3-40, int32_t, 2, 6, 1000000, 16
2048, 3-100, int32_t, 2, 6, 1000000, 10
2048, 3-200, int32_t, 2, 6, 1000000, 7
2048, 2-20, int32_t, 4, 1, 1000000, 15
2048, 2-40, int32_t, 4, 1, 1000000, 9
2048, 2-100, int32_t, 4, 1, 1000000, 7
2048, 2-200, int32_t, 4, 1, 1000000, 7
2048, 3-20, int32_t, 4, 1, 1000000, 16
2048, 3-40, int32_t, 4, 1, 1000000, 8
2048, 3-100, int32_t, 4, 1, 1000000, 7
2048, 3-200, int32_t, 4, 1, 1000000, 6
2048, 2-20, int32_t, 4, 2, 1000000, 16
2048, 2-40, int32_t, 4, 2, 1000000, 7
2048, 2-100, int32_t, 4, 2, 1000000, 6
2048, 2-200, int32_t, 4, 2, 1000000, 6
2048, 3-20, int32_t, 4, 2, 1000000, 13
2048, 3-40, int32_t, 4, 2, 1000000, 7
2048, 3-100, int32_t, 4, 2, 1000000, 7
2048, 3-200, int32_t, 4, 2, 1000000, 7
2048, 2-20, int32_t, 4, 4, 1000000, 14
2048, 2-40, int32_t, 4, 4, 1000000, 7
2048, 2-100, int32_t, 4, 4, 1000000, 7
2048, 2-200, int32_t, 4, 4, 1000000, 6
2048, 3-20, int32_t, 4, 4, 1000000, 13
2048, 3-40, int32_t, 4, 4, 1000000, 7
2048, 3-100, int32_t, 4, 4, 1000000, 6
2048, 3-200, int32_t, 4, 4, 1000000, 6
2048, 2-20, int32_t, 4, 6, 1000000, 35
2048, 2-40, int32_t, 4, 6, 1000000, 14
2048, 2-100, int32_t, 4, 6, 1000000, 7
2048, 2-200, int32_t, 4, 6, 1000000, 6
2048, 3-20, int32_t, 4, 6, 1000000, 34
2048, 3-40, int32_t, 4, 6, 1000000, 14
2048, 3-100, int32_t, 4, 6, 1000000, 7
2048, 3-200, int32_t, 4, 6, 1000000, 6
2048, 2-20, int32_t, 6, 1, 1000000, 21
2048, 2-40, int32_t, 6, 1, 1000000, 11
2048, 2-100, int32_t, 6, 1, 1000000, 7
2048, 2-200, int32_t, 6, 1, 1000000, 9
2048, 3-20, int32_t, 6, 1, 1000000, 22
2048, 3-40, int32_t, 6, 1, 1000000, 11
2048, 3-100, int32_t, 6, 1, 1000000, 7
2048, 3-200, int32_t, 6, 1, 1000000, 6
2048, 2-20, int32_t, 6, 2, 1000000, 27
2048, 2-40, int32_t, 6, 2, 1000000, 12
2048, 2-100, int32_t, 6, 2, 1000000, 7
2048, 2-200, int32_t, 6, 2, 1000000, 6
2048, 3-20, int32_t, 6, 2, 1000000, 28
2048, 3-40, int32_t, 6, 2, 1000000, 11
2048, 3-100, int32_t, 6, 2, 1000000, 7
2048, 3-200, int32_t, 6, 2, 1000000, 7
2048, 2-20, int32_t, 6, 4, 1000000, 27
2048, 2-40, int32_t, 6, 4, 1000000, 11
2048, 2-100, int32_t, 6, 4, 1000000, 7
2048, 2-200, int32_t, 6, 4, 1000000, 6
2048, 3-20, int32_t, 6, 4, 1000000, 30
2048, 3-40, int32_t, 6, 4, 1000000, 9
2048, 3-100, int32_t, 6, 4, 1000000, 7
2048, 3-200, int32_t, 6, 4, 1000000, 7
2048, 2-20, int32_t, 6, 6, 1000000, 25
2048, 2-40, int32_t, 6, 6, 1000000, 11
2048, 2-100, int32_t, 6, 6, 1000000, 7
2048, 2-200, int32_t, 6, 6, 1000000, 6
2048, 3-20, int32_t, 6, 6, 1000000, 24
2048, 3-40, int32_t, 6, 6, 1000000, 11
2048, 3-100, int32_t, 6, 6, 1000000, 9
2048, 3-200, int32_t, 6, 6, 1000000, 6
2048, 2-20, int32_t, 1, 1, 1000000, 5
2048, 2-40, int32_t, 1, 1, 1000000, 7
2048, 2-100, int32_t, 1, 1, 1000000, 8
2048, 2-200, int32_t, 1, 1, 1000000, 11
2048, 3-20, int32_t, 1, 1, 1000000, 7
2048, 3-40, int32_t, 1, 1, 1000000, 6
2048, 3-100, int32_t, 1, 1, 1000000, 14
2048, 3-200, int32_t, 1, 1, 1000000, 11
2048, 2-20, int32_t, 1, 2, 1000000, 9
2048, 2-40, int32_t, 1, 2, 1000000, 7
2048, 2-100, int32_t, 1, 2, 1000000, 15
2048, 2-200, int32_t, 1, 2, 1000000, 15
2048, 3-20, int32_t, 1, 2, 1000000, 11
2048, 3-40, int32_t, 1, 2, 1000000, 7
2048, 3-100, int32_t, 1, 2, 1000000, 12
2048, 3-200, int32_t, 1, 2, 1000000, 13
2048, 2-20, int32_t, 1, 4, 1000000, 22
2048, 2-40, int32_t, 1, 4, 1000000, 13
2048, 2-100, int32_t, 1, 4, 1000000, 9
2048, 2-200, int32_t, 1, 4, 1000000, 6
2048, 3-20, int32_t, 1, 4, 1000000, 21
2048, 3-40, int32_t, 1, 4, 1000000, 10
2048, 3-100, int32_t, 1, 4, 1000000, 8
2048, 3-200, int32_t, 1, 4, 1000000, 6
2048, 2-20, int32_t, 1, 6, 1000000, 34
2048, 2-40, int32_t, 1, 6, 1000000, 17
2048, 2-100, int32_t, 1, 6, 1000000, 15
2048, 2-200, int32_t, 1, 6, 1000000, 9
2048, 3-20, int32_t, 1, 6, 1000000, 32
2048, 3-40, int32_t, 1, 6, 1000000, 16
2048, 3-100, int32_t, 1, 6, 1000000, 14
2048, 3-200, int32_t, 1, 6, 1000000, 8
2048, 2-20, int32_t, 2, 1, 1000000, 9
2048, 2-40, int32_t, 2, 1, 1000000, 6
2048, 2-100, int32_t, 2, 1, 1000000, 13
2048, 2-200, int32_t, 2, 1, 1000000, 13
2048, 3-20, int32_t, 2, 1, 1000000, 10
2048, 3-40, int32_t, 2, 1, 1000000, 6
2048, 3-100, int32_t, 2, 1, 1000000, 7
2048, 3-200, int32_t, 2, 1, 1000000, 6
2048, 2-20, int32_t, 2, 2, 1000000, 12
2048, 2-40, int32_t, 2, 2, 1000000, 6
2048, 2-100, int32_t, 2, 2, 1000000, 18
2048, 2-200, int32_t, 2, 2, 1000000, 8
2048, 3-20, int32_t, 2, 2, 1000000, 12
2048, 3-40, int32_t, 2, 2, 1000000, 6
2048, 3-100, int32_t, 2, 2, 1000000, 8
2048, 3-200, int32_t, 2, 2, 1000000, 10
2048, 2-20, int32_t, 2, 4, 1000000, 20
2048, 2-40, int32_t, 2, 4, 1000000, 9
2048, 2-100, int32_t, 2, 4, 1000000, 7
2048, 2-200, int32_t, 2, 4, 1000000, 6
2048, 3-20, int32_t, 2, 4, 1000000, 20
2048, 3-40, int32_t, 2, 4, 1000000, 9
2048, 3-100, int32_t, 2, 4, 1000000, 10
2048, 3-200, int32_t, 2, 4, 1000000, 6
2048, 2-20, int32_t, 2, 6, 1000000, 35
2048, 2-40, int32_t, 2, 6, 1000000, 17
2048, 2-100, int32_t, 2, 6, 1000000, 14
2048, 2-200, int32_t, 2, 6, 1000000, 7
2048, 3-20, int32_t, 2, 6, 1000000, 34
2048, 3-40, int32_t, 2, 6, 1000000, 16
2048, 3-100, int32_t, 2, 6, 1000000, 13
2048, 3-200, int32_t, 2, 6, 1000000, 7
2048, 2-20, int32_t, 4, 1, 1000000, 15
2048, 2-40, int32_t, 4, 1, 1000000, 9
2048, 2-100, int32_t, 4, 1, 1000000, 6
2048, 2-200, int32_t, 4, 1, 1000000, 6
2048, 3-20, int32_t, 4, 1, 1000000, 15
2048, 3-40, int32_t, 4, 1, 1000000, 8
2048, 3-100, int32_t, 4, 1, 1000000, 6
2048, 3-200, int32_t, 4, 1, 1000000, 6
2048, 2-20, int32_t, 4, 2, 1000000, 15
2048, 2-40, int32_t, 4, 2, 1000000, 7
2048, 2-100, int32_t, 4, 2, 1000000, 7
2048, 2-200, int32_t, 4, 2, 1000000, 6
2048, 3-20, int32_t, 4, 2, 1000000, 15
2048, 3-40, int32_t, 4, 2, 1000000, 7
2048, 3-100, int32_t, 4, 2, 1000000, 7
2048, 3-200, int32_t, 4, 2, 1000000, 7
2048, 2-20, int32_t, 4, 4, 1000000, 13
2048, 2-40, int32_t, 4, 4, 1000000, 8
2048, 2-100, int32_t, 4, 4, 1000000, 7
2048, 2-200, int32_t, 4, 4, 1000000, 6
2048, 3-20, int32_t, 4, 4, 1000000, 14
2048, 3-40, int32_t, 4, 4, 1000000, 8
2048, 3-100, int32_t, 4, 4, 1000000, 7
2048, 3-200, int32_t, 4, 4, 1000000, 6
2048, 2-20, int32_t, 4, 6, 1000000, 34
2048, 2-40, int32_t, 4, 6, 1000000, 15
2048, 2-100, int32_t, 4, 6, 1000000, 7
2048, 2-200, int32_t, 4, 6, 1000000, 6
2048, 3-20, int32_t, 4, 6, 1000000, 35
2048, 3-40, int32_t, 4, 6, 1000000, 15
2048, 3-100, int32_t, 4, 6, 1000000, 8
2048, 3-200, int32_t, 4, 6, 1000000, 8
2048, 2-20, int32_t, 6, 1, 1000000, 21
2048, 2-40, int32_t, 6, 1, 1000000, 11
2048, 2-100, int32_t, 6, 1, 1000000, 8
2048, 2-200, int32_t, 6, 1, 1000000, 6
2048, 3-20, int32_t, 6, 1, 1000000, 21
2048, 3-40, int32_t, 6, 1, 1000000, 11
2048, 3-100, int32_t, 6, 1, 1000000, 8
2048, 3-200, int32_t, 6, 1, 1000000, 6
2048, 2-20, int32_t, 6, 2, 1000000, 23
2048, 2-40, int32_t, 6, 2, 1000000, 11
2048, 2-100, int32_t, 6, 2, 1000000, 7
2048, 2-200, int32_t, 6, 2, 1000000, 6
2048, 3-20, int32_t, 6, 2, 1000000, 22
2048, 3-40, int32_t, 6, 2, 1000000, 11
2048, 3-100, int32_t, 6, 2, 1000000, 9
2048, 3-200, int32_t, 6, 2, 1000000, 7
2048, 2-20, int32_t, 6, 4, 1000000, 31
2048, 2-40, int32_t, 6, 4, 1000000, 14
2048, 2-100, int32_t, 6, 4, 1000000, 10
2048, 2-200, int32_t, 6, 4, 1000000, 6
2048, 3-20, int32_t, 6, 4, 1000000, 27
2048, 3-40, int32_t, 6, 4, 1000000, 14
2048, 3-100, int32_t, 6, 4, 1000000, 7
2048, 3-200, int32_t, 6, 4, 1000000, 6
2048, 2-20, int32_t, 6, 6, 1000000, 25
2048, 2-40, int32_t, 6, 6, 1000000, 10
2048, 2-100, int32_t, 6, 6, 1000000, 8
2048, 2-200, int32_t, 6, 6, 1000000, 6
2048, 3-20, int32_t, 6, 6, 1000000, 24
2048, 3-40, int32_t, 6, 6, 1000000, 11
2048, 3-100, int32_t, 6, 6, 1000000, 7
2048, 3-200, int32_t, 6, 6, 1000000, 6
2048, 2-20, int32_t, 1, 1, 1000000, 7
2048, 2-40, int32_t, 1, 1, 1000000, 9
2048, 2-100, int32_t, 1, 1, 1000000, 8
2048, 2-200, int32_t, 1, 1, 1000000, 10
2048, 3-20, int32_t, 1, 1, 1000000, 7
2048, 3-40, int32_t, 1, 1, 1000000, 8
2048, 3-100, int32_t, 1, 1, 1000000, 7
2048, 3-200, int32_t, 1, 1, 1000000, 7
2048, 2-20, int32_t, 1, 2, 1000000, 9
2048, 2-40, int32_t, 1, 2, 1000000, 9
2048, 2-100, int32_t, 1, 2, 1000000, 14
2048, 2-200, int32_t, 1, 2, 1000000, 14
2048, 3-20, int32_t, 1, 2, 1000000, 8
2048, 3-40, int32_t, 1, 2, 1000000, 9
2048, 3-100, int32_t, 1, 2, 1000000, 13
2048, 3-200, int32_t, 1, 2, 1000000, 14
2048, 2-20, int32_t, 1, 4, 1000000, 22
2048, 2-40, int32_t, 1, 4, 1000000, 11
2048, 2-100, int32_t, 1, 4, 1000000, 9
2048, 2-200, int32_t, 1, 4, 1000000, 6
2048, 3-20, int32_t, 1, 4, 1000000, 21
2048, 3-40, int32_t, 1, 4, 1000000, 10
2048, 3-100, int32_t, 1, 4, 1000000, 8
2048, 3-200, int32_t, 1, 4, 1000000, 6
2048, 2-20, int32_t, 1, 6, 1000000, 36
2048, 2-40, int32_t, 1, 6, 1000000, 17
2048, 2-100, int32_t, 1, 6, 1000000, 15
2048, 2-200, int32_t, 1, 6, 1000000, 9
2048, 3-20, int32_t, 1, 6, 1000000, 32
2048, 3-40, int32_t, 1, 6, 1000000, 15
2048, 3-100, int32_t, 1, 6, 1000000, 14
2048, 3-200, int32_t, 1, 6, 1000000, 8
2048, 2-20, int32_t, 2, 1, 1000000, 9
2048, 2-40, int32_t, 2, 1, 1000000, 8
2048, 2-100, int32_t, 2, 1, 1000000, 15
2048, 2-200, int32_t, 2, 1, 1000000, 16
2048, 3-20, int32_t, 2, 1, 1000000, 10
2048, 3-40, int32_t, 2, 1, 1000000, 6
2048, 3-100, int32_t, 2, 1, 1000000, 16
2048, 3-200, int32_t, 2, 1, 1000000, 13
2048, 2-20, int32_t, 2, 2, 1000000, 8
2048, 2-40, int32_t, 2, 2, 1000000, 6
2048, 2-100, int32_t, 2, 2, 1000000, 6
2048, 2-200, int32_t, 2, 2, 1000000, 12
2048, 3-20, int32_t, 2, 2, 1000000, 7
2048, 3-40, int32_t, 2, 2, 1000000, 6
2048, 3-100, int32_t, 2, 2, 1000000, 7
2048, 3-200, int32_t, 2, 2, 1000000, 6
2048, 2-20, int32_t, 2, 4, 1000000, 19
2048, 2-40, int32_t, 2, 4, 1000000, 9
2048, 2-100, int32_t, 2, 4, 1000000, 7
2048, 2-200, int32_t, 2, 4, 1000000, 6
2048, 3-20, int32_t, 2, 4, 1000000, 20
2048, 3-40, int32_t, 2, 4, 1000000, 9
2048, 3-100, int32_t, 2, 4, 1000000, 6
2048, 3-200, int32_t, 2, 4, 1000000, 6
2048, 2-20, int32_t, 2, 6, 1000000, 36
2048, 2-40, int32_t, 2, 6, 1000000, 16
2048, 2-100, int32_t, 2, 6, 1000000, 10
2048, 2-200, int32_t, 2, 6, 1000000, 6
2048, 3-20, int32_t, 2, 6, 1000000, 34
2048, 3-40, int32_t, 2, 6, 1000000, 16
2048, 3-100, int32_t, 2, 6, 1000000, 14
2048, 3-200, int32_t, 2, 6, 1000000, 7
2048, 2-20, int32_t, 4, 1, 1000000, 15
2048, 2-40, int32_t, 4, 1, 1000000, 8
2048, 2-100, int32_t, 4, 1, 1000000, 7
2048, 2-200, int32_t, 4, 1, 1000000, 6
2048, 3-20, int32_t, 4, 1, 1000000, 15
2048, 3-40, int32_t, 4, 1, 1000000, 8
2048, 3-100, int32_t, 4, 1, 1000000, 10
2048, 3-200, int32_t, 4, 1, 1000000, 12
2048, 2-20, int32_t, 4, 2, 1000000, 16
2048, 2-40, int32_t, 4, 2, 1000000, 10
2048, 2-100, int32_t, 4, 2, 1000000, 6
2048, 2-200, int32_t, 4, 2, 1000000, 6
2048, 3-20, int32_t, 4, 2, 1000000, 15
2048, 3-40, int32_t, 4, 2, 1000000, 8
2048, 3-100, int32_t, 4, 2, 1000000, 6
2048, 3-200, int32_t, 4, 2, 1000000, 6
2048, 2-20, int32_t, 4, 4, 1000000, 12
2048, 2-40, int32_t, 4, 4, 1000000, 7
2048, 2-100, int32_t, 4, 4, 1000000, 7
2048, 2-200, int32_t, 4, 4, 1000000, 6
2048, 3-20, int32_t, 4, 4, 1000000, 13
2048, 3-40, int32_t, 4, 4, 1000000, 8
2048, 3-100, int32_t, 4, 4, 1000000, 6
2048, 3-200, int32_t, 4, 4, 1000000, 6
2048, 2-20, int32_t, 4, 6, 1000000, 34
2048, 2-40, int32_t, 4, 6, 1000000, 15
2048, 2-100, int32_t, 4, 6, 1000000, 7
2048, 2-200, int32_t, 4, 6, 1000000, 6
2048, 3-20, int32_t, 4, 6, 1000000, 34
2048, 3-40, int32_t, 4, 6, 1000000, 15
2048, 3-100, int32_t, 4, 6, 1000000, 7
2048, 3-200, int32_t, 4, 6, 1000000, 6
2048, 2-20, int32_t, 6, 1, 1000000, 20
2048, 2-40, int32_t, 6, 1, 1000000, 11
2048, 2-100, int32_t, 6, 1, 1000000, 7
2048, 2-200, int32_t, 6, 1, 1000000, 6
2048, 3-20, int32_t, 6, 1, 1000000, 21
2048, 3-40, int32_t, 6, 1, 1000000, 11
2048, 3-100, int32_t, 6, 1, 1000000, 7
2048, 3-200, int32_t, 6, 1, 1000000, 6
2048, 2-20, int32_t, 6, 2, 1000000, 22
2048, 2-40, int32_t, 6, 2, 1000000, 10
2048, 2-100, int32_t, 6, 2, 1000000, 7
2048, 2-200, int32_t, 6, 2, 1000000, 6
2048, 3-20, int32_t, 6, 2, 1000000, 23
2048, 3-40, int32_t, 6, 2, 1000000, 11
2048, 3-100, int32_t, 6, 2, 1000000, 7
2048, 3-200, int32_t, 6, 2, 1000000, 6
2048, 2-20, int32_t, 6, 4, 1000000, 26
2048, 2-40, int32_t, 6, 4, 1000000, 13
2048, 2-100, int32_t, 6, 4, 1000000, 7
2048, 2-200, int32_t, 6, 4, 1000000, 6
2048, 3-20, int32_t, 6, 4, 1000000, 29
2048, 3-40, int32_t, 6, 4, 1000000, 9
2048, 3-100, int32_t, 6, 4, 1000000, 7
2048, 3-200, int32_t, 6, 4, 1000000, 6
2048, 2-20, int32_t, 6, 6, 1000000, 25
2048, 2-40, int32_t, 6, 6, 1000000, 10
2048, 2-100, int32_t, 6, 6, 1000000, 7
2048, 2-200, int32_t, 6, 6, 1000000, 6
2048, 3-20, int32_t, 6, 6, 1000000, 26
2048, 3-40, int32_t, 6, 6, 1000000, 11
2048, 3-100, int32_t, 6, 6, 1000000, 7
2048, 3-200, int32_t, 6, 6, 1000000, 6
